{"cameraMode":{"drawMode":0,"name":"Shaded","section":"Shading Mode"},"sceneLighting":false,"audioPlay":false,"sceneViewState":{"m_AlwaysRefresh":false,"showFog":true,"showSkybox":false,"showFlares":true,"showImageEffects":true,"showParticleSystems":true,"showVisualEffectGraphs":true,"m_FxEnabled":true},"in2DMode":false,"pivot":{"x":13.268444061279297,"y":2.5823843479156496,"z":-5.1300811767578129},"rotation":{"x":-0.0033971748780459167,"y":0.02449844963848591,"z":0.00007959367212606594,"w":0.9997133612632752},"size":1.2971166372299195,"orthographic":false}