{"cameraMode":{"drawMode":0,"name":"Shaded","section":"Shading Mode"},"sceneLighting":true,"audioPlay":false,"sceneViewState":{"m_AlwaysRefresh":false,"showFog":true,"showSkybox":true,"showFlares":true,"showImageEffects":true,"showParticleSystems":true,"showVisualEffectGraphs":true,"m_FxEnabled":true},"in2DMode":false,"pivot":{"x":21.3653621673584,"y":11.009477615356446,"z":-6.260251998901367},"rotation":{"x":0.04754673317074776,"y":-0.03994538262486458,"z":0.0018976207356899977,"w":0.9980958700180054},"size":20.838436126708986,"orthographic":true}